CNBC_Matches_Reported_EPS,Q_Report_Date,Q_Date,Q_EPS_Diluted,Q_EPS_Adjusted,Q_EPS_Projections_Date_0,Q_EPS_Projections_1,Q_EPS_Projections_Date_1,Q_EPS_Projections_2,Q_EPS_Projections_Date_2,Q_EPS_Projections_2,Q_EPS_Projections_Date_2,,
Adjusted,,12/31/2027,,0.71,8/31/2026,0.64,7/28/2026,0.64,7/14/2026,0.76,5/1/2026,,
,,9/30/2027,,1.03,,1.13,,1.13,,1.17,,,
,,6/30/2027,,1.18,,1.09,,1.09,,1.01,,,
,,3/30/2027,,0.5,,0.47,,0.47,,0.37,,,
,,12/31/2026,,0.39,1/14/2026,0.28,1/14/2026,0.32,1/14/2026,0.42,1/14/2026,,
,,9/30/2026,,0.62,,0.69,,0.71,,0.79,,,
,7/27/2026,6/30/2026,1.82,0.72,,0.71,,0.65,,0.57,,,
,4/27/2026,3/30/2026,-0.83,0.13,,-0.43,,-0.45,,-0.45,,,
,1/27/2026,12/31/2025,-5.34,0.08,1/10/2025,0.06,1/10/2025,0.06,1/10/2025,0.1,1/10/2025,,
,10/28/2025,9/30/2025,-0.28,0.41,,-0.16,,-0.29,,-0.33,,,
,7/29/2025,6/30/2025,-1.39,0.4,,-0.04,,0.11,,0.61,,,
,4/29/2025,3/30/2025,-1.17,-0.91,,-0.91,,-0.85,,-0.56,,,
,1/28/2025,12/31/2024,0.19,0.92,3/30/2024,0.89,3/30/2024,0.96,3/30/2024,1.24,3/30/2024,,
,10/22/2024,9/30/2024,0.49,0.73,,0.94,,1.06,,1.38,,,
,7/23/2024,6/30/2024,1.21,1.38,,2.26,,2.26,,2.1,,,
,4/23/2024,3/30/2024,0.07,0.23,,0.05,,0.53,,1.51,,,
,1/30/2024,12/31/2023,1.81,1.98,3/14/2023,2.58,3/14/2023,2.59,3/14/2023,2.76,3/14/2023,,
,10/24/2023,9/30/2023,2.62,2.71,,2.72,,2.72,,2.81,,,
,7/25/2023,6/30/2023,2.32,2.42,,2.2,,2.25,,2.57,,,
,4/25/2023,3/30/2023,1.95,2.05,,1.72,,1.73,,1.9,,,
,1/31/2023,12/31/2022,3.34,3.46,,3.27,,3.27,,3.32,,,
,10/25/2022,9/30/2022,3.1,3.25,,2.84,,2.84,,2.89,,,
,7/26/2022,6/30/2022,-0.08,2.42,,2.07,,2.11,,2.27,,,
,4/26/2022,3/31/2022,1.14,1.29,,1.8,,1.86,,1.85,,,
,1/25/2022,12/31/2021,1.4,2.16,,2.02,,2.02,,2.21,,,
,10/26/2021,9/30/2021,1.84,1.98,,1.97,,1.97,,2.08,,,
,7/27/2021,6/30/2021,2.52,2.7,,2.18,,2.17,,2.2,,,
,4/27/2021,3/31/2021,2.11,2.3,,1.56,,1.56,,0.87,,,
,1/26/2021,12/31/2020,3.15,3.34,,2.88,,1.55,,1.6,,,
,10/27/2020,9/30/2020,2.66,2.85,,2.15,,1.17,,1.19,,,
,7/28/2020,6/30/2020,-3.82,1.3,,0.63,,0.56,,0.74,,,
,4/28/2020,3/31/2020,-0.09,0.22,,0.55,,0.56,,0.59,,,
,1/28/2020,12/31/2019,1.58,1.83,,1.79,,1.8,,1.83,,,
,10/22/2019,9/30/2019,1.419545491,1.68,,1.58,,1.59,,1.69,,,
,7/23/2019,6/28/2019,1.419841066,1.73,,1.65,,1.66,,1.83,,,
,4/23/2019,3/29/2019,0.779950667,1.08,,0.91,,0.96,,1.15,,,
,1/29/2019,12/31/2018,1.471937051,1.83,,1.82,,1.92,,1.53,,,
,10/22/2018,9/28/2018,1.503304693,1.86,,1.57,,1.67,,1.84,,,
,7/25/2018,6/29/2018,1.426193632,1.77,,1.61,,1.31,,1.26,,,
,4/24/2018,3/29/2018,0.854260262,1.13,,0.88,,0.9,,0.82,,,
,1/30/2018,12/29/2017,0.484998844,,,1.47,,1.35,,1.29,,,
,10/24/2017,9/29/2017,1.28180324,,,1.23,,1.22,,1.3,,,
,7/20/2017,6/30/2017,0.972322786,,,1.08,,1.14,,1.28,,,
,4/25/2017,3/31/2017,-0.045390049,,,0.7,,0.74,,0.84,,,
,,12/30/2016,0.972857432,,,1.19,,1.91,,1.89,,,
,,9/30/2016,0.496901287,,,0.46,,2.45,,2.39,,,
,,6/30/2016,1.089881618,,,1.05,,1.37,,1.38,,,
,,3/31/2016,0.710633203,,,0.71,,0.69,,1.34,,,
,,12/31/2015,1.662091543,,,1.64,,2.3,,2.33,,,
,,9/30/2015,2.303363615,,,2.28,,2.33,,2.32,,,
,,6/30/2015,1.488198263,,,1.58,,1.6,,1.64,,,
,,3/31/2015,1.299606727,,,1.27,,1.32,,1.33,,,
,,12/31/2014,1.975444996,,,1.94,,1.95,,1.94,,,
,,9/30/2014,2.061029153,,,2.02,,1.97,,2.01,,,
,,6/30/2014,1.4232317,,,1.39,,1.43,,1.44,,,
,,3/31/2014,1.19045587,,,1.16,,1.29,,1.24,,,
,,12/31/2013,1.56414611,,,1.55,,1.54,,1.56,,,
,,9/30/2013,1.589413649,,,1.61,,1.6,,1.57,,,
,,6/28/2013,1.130718677,,,1.11,,1.1,,1.11,,,
,,3/28/2013,1.066448094,,,1.01,,1,,1.02,,,
,,12/28/2012,1.237688329,,,1.23,,1.22,,1.2,,,
,,9/28/2012,1.330996149,,,1.2,,,,,,,
,,6/29/2012,0.981197566,,,0.93,,,,,,,
,,3/30/2012,0.848259795,,,0.78,,,,,,,
,,12/30/2011,0.899200698,,,nan,,,,,,,
,,9/30/2011,0.9487719,,,nan,,,,,,,
,,6/30/2011,0.684261522,,,nan,,,,,,,
,,3/31/2011,0.669525346,,,nan,,,,,,,
,,12/31/2010,0.792885812,,,nan,,,,,,,
,,9/30/2010,0.686810949,,,nan,,,,,,,
,,6/30/2010,0.374094838,,,nan,,,,,,,
,,3/31/2010,0.292903704,,,nan,,,,,,,
,,12/31/2009,0.663814477,,,nan,,,,,,,
,,9/30/2009,0.468821441,,,nan,,,,,,,
,,6/30/2009,0.264898454,,,nan,,,,,,,
,,3/31/2009,0.129887282,,,nan,,,,,,,
,,12/31/2008,0.555,,,nan,,,,,,,
,,9/30/2008,0.565,,,nan,,,,,,,
,,6/30/2008,0.36,,,nan,,,,,,,
,,3/31/2008,0.275,,,nan,,,,,,,
,,12/31/2007,0.53,,,nan,,,,,,,
,,9/28/2007,0.53,,,nan,,,,,,,
,,6/29/2007,0.31,,,nan,,,,,,,
,,3/30/2007,0.17,,,nan,,,,,,,
,,12/29/2006,0.415,,,nan,,,,,,,
,,9/29/2006,0.515,,,nan,,,,,,,
,,6/30/2006,0.24,,,nan,,,,,,,
,,3/31/2006,0.135,,,nan,,,,,,,
,,12/30/2005,0.49,,,nan,,,,,,,
,,9/30/2005,0.555,,,nan,,,,,,,
,,6/30/2005,0.33,,,nan,,,,,,,
,,3/31/2005,0.195,,,nan,,,,,,,
,,12/31/2004,0.52,,,nan,,,,,,,
,,9/30/2004,0.21,,,nan,,,,,,,
,,6/30/2004,0.27,,,nan,,,,,,,
,,3/31/2004,0.16,,,nan,,,,,,,
,,12/31/2003,0.42,,,nan,,,,,,,
,,9/30/2003,0.435,,,nan,,,,,,,
,,6/30/2003,0.235,,,nan,,,,,,,
,,3/31/2003,0.07,,,nan,,,,,,,
,,12/31/2002,0.1875,,,nan,,,,,,,
,,9/30/2002,0.1975,,,nan,,,,,,,
,,6/28/2002,0.105,,,nan,,,,,,,
,,3/28/2002,0.06,,,nan,,,,,,,
,,12/31/2001,0.3375,,,nan,,,,,,,
,,9/28/2001,0.345,,,nan,,,,,,,
,,6/29/2001,0.18,,,nan,,,,,,,
,,3/30/2001,0.11,,,nan,,,,,,,
,,12/29/2000,0.2925,,,nan,,,,,,,
,,9/29/2000,0.31,,,nan,,,,,,,
,,6/30/2000,0.17,,,nan,,,,,,,
,,3/31/2000,0.1025,,,nan,,,,,,,
,,12/31/1999,0.255,,,nan,,,,,,,
,,9/30/1999,0.275,,,nan,,,,,,,
,,6/30/1999,0.15,,,nan,,,,,,,
,,3/31/1999,0.09,,,nan,,,,,,,
,,12/31/1998,0.22,,,nan,,,,,,,
,,9/30/1998,-0.14,,,nan,,,,,,,
,,6/30/1998,0.1375,,,nan,,,,,,,
,,3/31/1998,0.08,,,nan,,,,,,,
,,12/31/1997,0.175,,,nan,,,,,,,
,,9/30/1997,0.205,,,nan,,,,,,,
,,6/30/1997,0.1225,,,nan,,,,,,,
,,3/31/1997,0.11,,,nan,,,,,,,
,,12/31/1996,0.1525,,,nan,,,,,,,
,,9/30/1996,0.1425,,,nan,,,,,,,
,,6/28/1996,0.145,,,nan,,,,,,,
,,3/29/1996,0.12,,,nan,,,,,,,
,,12/29/1995,0.15,,,nan,,,,,,,
,,9/29/1995,0.1675,,,nan,,,,,,,
,,6/30/1995,0.1125,,,nan,,,,,,,
,,3/31/1995,0.1175,,,nan,,,,,,,
,,12/30/1994,0.1775,,,nan,,,,,,,
,,9/30/1994,0.195,,,nan,,,,,,,
,,6/30/1994,0.045,,,nan,,,,,,,
,,3/31/1994,0.036666667,,,nan,,,,,,,
,,12/31/1993,0.065,,,nan,,,,,,,
,,9/30/1993,0.078333333,,,nan,,,,,,,
,,6/30/1993,0.028333333,,,nan,,,,,,,
,,3/31/1993,0.028333333,,,nan,,,,,,,
,,12/31/1992,0.071666667,,,nan,,,,,,,
,,9/30/1992,0.1,,,nan,,,,,,,
,,6/30/1992,0.041666667,,,nan,,,,,,,
