Tickers,,,,,,29-Sep,8-Oct,,,,,,,,IVES,Shay,Ronnie,My Stuff,Rise Dynasty,Marty 6,,RainKing
ATMU,,MNST,8/15/2026,,,CCL,HELE,,FITZ,BETR,-,Lots of Debt,,,INOD,RKLB,ZETA,ABAT,FLNC,PL,RKLB,MU
DDOG,,NET,8/15/2026,,,KMX,,,GRNY,BTQ,None,,,,PEGA,CLPT,FLNC,ADUS,IREN,FSLR,IREN,AVGO
DKNG,,NSIT,8/15/2026,,,AYI,,,GRNJ,CIFR,-,Cash > LT debt,,,SHOP,JMIA,LUNR,AREC,NBIS,ALAB,NBIS,TSLA
DOCS,,NXST,8/15/2026,,,MKC,,,IVES,DEFT,+,Lots of current liabilitiey,,,,EOSE,RDW,ASST,OPEN,IMNM,,CEG
DV,,OSCR,8/15/2026,,,NKE,,,CNEQ,ETHA,ETF,,,,,ASTS,ONDS,ASTS,OUST,AEO,,
EPAM,,OTEX,8/15/2026,,,FDS,,,ATFV,HUT,+,Cash > LT debt,,,,TMDX,AVAV,AVAV,RKLB,OPEN,,VIAV
ESNT,,PAYO,8/15/2026,,,JBL,,,FRTY,IREN,+,Cash > LT debt,,,,VKTX,ADUS,BITF,SANM,,,FROG
FOUR,,PLNT,8/15/2026,,,MU,,,ALAI,OPEN,-,,,,,SOFI,DLO,CCCX,HUT,,,NTRA
FOXA,,PRAA,8/15/2026,,,,,,,SANA,-,No debt,,,,IONQ,NBIS,CIFR,CIFR,,,WRBY
FOXF,,PZZA,8/15/2026,,,,,,,,,,,,,IREN,IREN,CLSK,SANA,,,GRAB
FROG,,QDEL,8/15/2026,,,,,,,NBIS,,,,,,,,DPRO,,,,PGY
G,,RKT,8/15/2026,,,,,,,,,,,,,,,EOSE,,,,RKT
HAE,,RMD,8/15/2026,,,,,,,,,,,,,,,IONQ,,,,
HALO,,ROAD,8/15/2026,,,,,,,,,,,,,,,IREN,,,,IONQ
IBP,,RSG,8/15/2026,,,,,,,,,,,,,,,KRKNF,,,,FIG
KDP,,SGI,8/15/2026,,,,,,,,,,,,,,,KTOS,,,,LULU
MCHP,,SRE,8/15/2026,,,,,,,,,,,,,,,MDB,,,,MJ
MMS,,STEP,8/15/2026,,,,,,,,,,,,,,,ONDS,,,,
YOU,,STWD,8/15/2026,,,,,,,,,,,,,,,PL,,,,
ZG,,SYNA,8/15/2026,,,,,,,,,,,,,,,PLUG,,,,
,,TFX,8/15/2026,,,,,,,,,,,,,,,POET,,,,
,,TTD,8/15/2026,,,,,,,,,,,,,,,PRCT,,,,
,,TTWO,8/15/2026,,,,,,,,,,,,,,,PRME,,,,
,,TWLO,8/15/2026,,,,,,,,,,,,,,,RDW,,,,
,,TXRH,8/15/2026,,,,,,,,,,,,,,,RIVN,,,,
,,VAC,8/15/2026,,,,,,,,,,,,,,,RKLB,,,,
,,WD,8/15/2026,,,,,,,,,,,,,,,SIDU,,,,
,,ZTS,8/15/2026,,,,,,,,,,,,,,,SKYT,,,,
,,AAON,8/16/2026,,,,,,,,,,,,,,,SOC,,,,
,,ACHR,8/16/2026,,,,,,,,,,,,,,,SYM,,,,
,,BGS,8/16/2026,,,,,,,,,,,,,,,TE,,,,
,,COHR,8/16/2026,,,,,,,,,,,,,,,UMAC,,,,
,,CSCO,8/16/2026,,,,,,,,,,,,,,,FIGR,,,,
,,ENS,8/16/2026,,,,,,,,,,,,,,,,,,,
,,GDOT,8/16/2026,,,,,,,,,,,,,,,,,,,
,,GO,8/16/2026,,,,,,,,,,,,,,,,,,,
,,HIMS,8/16/2026,,,,,,,,,,,,,,,,,,,
,,MIDD,8/16/2026,,,,,,,,,,,,,,,,,,,
,,ONON,8/16/2026,,,,,,,,,,,,,,,,,,,
,,PERI,8/16/2026,,,,,,,,,,,,,,,,,,,
,,PFGC,8/16/2026,,,,,,,,,,,,,,,,,,,
,,RKLB,8/16/2026,,,,,,,,,,,,,,,,,,,
,,TRMB,8/16/2026,,,,,,,,,,,,,,,,,,,
,,TTEC,8/16/2026,,,,,,,,,,,,,,,,,,,
,,VG,8/16/2026,,,,,,,,,,,,,,,,,,,
,,PRLB,8/17/2026,,,,,,,,,,,,,,,,,,,
,,RDVT,8/17/2026,,,,,,,,,,,,,,,,,,,
,,AMAT,8/19/2026,,,,,,,,,,,,,,,,,,,
,,DLO,8/19/2026,,,,,,,,,,,,,,,,,,,
,,MKTX,8/19/2026,,,,,,,,,,,,,,,,,,,
,,NU,8/19/2026,,,,,,,,,,,,,,,,,,,
,,YETI,8/19/2026,,,,,,,,,,,,,,,,,,,
,,BRK-B,8/20/2026,,,,,,,,,,,,,,,,,,,
,,CMC,8/20/2026,,,,,,,,,,,,,,,,,,,
,,EPAC,8/20/2026,,,,,,,,,,,,,,,,,,,
,,FDX,8/20/2026,,,,,,,,,,,,,,,,,,,
,,AAP,8/22/2026,,,,,,,,,,,,,,,,,,,
,,BABA,8/22/2026,,,,,,,,,,,,,,,,,,,
,,EL,8/22/2026,,,,,,,,,,,,,,,,,,,
,,FN,8/22/2026,,,,,,,,,,,,,,,,,,,
,,HD,8/22/2026,,,,,,,,,,,,,,,,,,,
,,KEYS,8/22/2026,,,,,,,,,,,,,,,,,,,
,,LOW,8/22/2026,,,,,,,,,,,,,,,,,,,
,,MRCY,8/22/2026,,,,,,,,,,,,,,,,,,,
,,OSIS,8/22/2026,,,,,,,,,,,,,,,,,,,
,,ROST,8/22/2026,,,,,,,,,,,,,,,,,,,
,,WMT,8/22/2026,,,,,,,,,,,,,,,,,,,
,,AEHR,8/23/2026,,,,,,,,,,,,,,,,,,,
,,ASML,8/23/2026,,,,,,,,,,,,,,,,,,,
,,BAC,8/23/2026,,,,,,,,,,,,,,,,,,,
,,ELV,8/23/2026,,,,,,,,,,,,,,,,,,,
,,FAST,8/23/2026,,,,,,,,,,,,,,,,,,,
,,JPM,8/23/2026,,,,,,,,,,,,,,,,,,,
,,SF,8/23/2026,,,,,,,,,,,,,,,,,,,
,,SMPL,8/23/2026,,,,,,,,,,,,,,,,,,,
,,UNF,8/23/2026,,,,,,,,,,,,,,,,,,,
,,ABT,8/24/2026,,,,,,,,,,,,,,,,,,,
,,DGII,8/24/2026,,,,,,,,,,,,,,,,,,,
,,GE,8/24/2026,,,,,,,,,,,,,,,,,,,
,,HNGE,8/24/2026,,,,,,,,,,,,,,,,,,,
,,IIIN,8/24/2026,,,,,,,,,,,,,,,,,,,
,,INCY,8/24/2026,,,,,,,,,,,,,,,,,,,
,,ISRG,8/24/2026,,,,,,,,,,,,,,,,,,,
,,NFLX,8/24/2026,,,,,,,,,,,,,,,,,,,
,,PGR,8/24/2026,,,,,,,,,,,,,,,,,,,
,,TSM,8/24/2026,,,,,,,,,,,,,,,,,,,
,,UAL,8/24/2026,,,,,,,,,,,,,,,,,,,
,,UNH,8/24/2026,,,,,,,,,,,,,,,,,,,
,,CELH,8/25/2026,,,,,,,,,,,,,,,,,,,
,,AMKR,8/28/2026,,,,,,,,,,,,,,,,,,,
,,AMP,8/28/2026,,,,,,,,,,,,,,,,,,,
,,BAH,8/28/2026,,,,,,,,,,,,,,,,,,,
,,BRO,8/28/2026,,,,,,,,,,,,,,,,,,,
,,CASH,8/28/2026,,,,,,,,,,,,,,,,,,,
,,CCI,8/28/2026,,,,,,,,,,,,,,,,,,,
,,CCK,8/28/2026,,,,,,,,,,,,,,,,,,,
,,CCS,8/28/2026,,,,,,,,,,,,,,,,,,,
,,CDNS,8/28/2026,,,,,,,,,,,,,,,,,,,
,,CHTR,8/28/2026,,,,,,,,,,,,,,,,,,,
,,CMCSA,8/28/2026,,,,,,,,,,,,,,,,,,,
,,DECK,8/28/2026,,,,,,,,,,,,,,,,,,,
,,DHI,8/28/2026,,,,,,,,,,,,,,,,,,,
,,DHR,8/28/2026,,,,,,,,,,,,,,,,,,,
,,DPZ,8/28/2026,,,,,,,,,,,,,,,,,,,
,,FAF,8/28/2026,,,,,,,,,,,,,,,,,,,
,,GM,8/28/2026,,,,,,,,,,,,,,,,,,,
,,GOOG,8/28/2026,,,,,,,,,,,,,,,,,,,
,,HCSG,8/28/2026,,,,,,,,,,,,,,,,,,,
,,IBM,8/28/2026,,,,,,,,,,,,,,,,,,,
,,LUV,8/28/2026,,,,,,,,,,,,,,,,,,,
,,MCO,8/28/2026,,,,,,,,,,,,,,,,,,,
,,MEDP,8/28/2026,,,,,,,,,,,,,,,,,,,
,,MMM,8/28/2026,,,,,,,,,,,,,,,,,,,
,,MRSH,8/28/2026,,,,,,,,,,,,,,,,,,,
,,MSCI,8/28/2026,,,,,,,,,,,,,,,,,,,
,,NVR,8/28/2026,,,,,,,,,,,,,,,,,,,
,,PHM,8/28/2026,,,,,,,,,,,,,,,,,,,
,,RHI,8/28/2026,,,,,,,,,,,,,,,,,,,
,,RJF,8/28/2026,,,,,,,,,,,,,,,,,,,
,,ROL,8/28/2026,,,,,,,,,,,,,,,,,,,
,,RS,8/28/2026,,,,,,,,,,,,,,,,,,,
,,STLD,8/28/2026,,,,,,,,,,,,,,,,,,,
,,TCBI,8/28/2026,,,,,,,,,,,,,,,,,,,
,,TDY,8/28/2026,,,,,,,,,,,,,,,,,,,
,,TSLA,8/28/2026,,,,,,,,,,,,,,,,,,,
,,TXN,8/28/2026,,,,,,,,,,,,,,,,,,,
,,URI,8/28/2026,,,,,,,,,,,,,,,,,,,
,,WAL,8/28/2026,,,,,,,,,,,,,,,,,,,
,,WEX,8/28/2026,,,,,,,,,,,,,,,,,,,
